published_date,traffic,title,snippet
2020-07-19,200000,National Ice Cream Day,JACKSONVILLE Fla Sunday July 19 marks National Ice Cream Day What sweeter way to celebrate than with some freebies and deals from your favorite ice nbsp 
2020-07-19,200000,Princess Beatrice,Princess Beatrice has given fans a look into her special day with husband Edoardo Mapelli Mozzi 
2020-07-19,100000,MLB,After a nearly four month delay to the start of the 2020 season due to the coronavirus pandemic Major League Baseball is set to make its return this week 
2020-07-19,50000,Leganes vs Real Madrid,Real Madrid takes a victory lap against Leganes Sunday after clinching the 2020 La Liga title in its last match With its victory over Villareal Madrid pulled clear nbsp 
2020-07-19,20000,Riley Keough, I can 39 t cry because of the fear that I will never stop Riley Keough wrote in an emotional Instagram tribute to brother Benjamin Keough 
2020-07-19,20000,Tottenham vs Leicester City,Tottenham face Leicester City in a Premier League match at Tottenham Hotspur Stadium in London England on Sunday July 19 2020 7 19 20 
2020-07-20,500000,Nicki Minaj,Congratulations are in order for Nicki Minaj she 39 s pregnant The rapper 37 announced the news that she 39 s expecting her first child in a series of posts to nbsp 
2020-07-20,200000,Pop Smoke,A deluxe version of Pop Smoke 39 s posthumous album Shoot for the Stars Aim for the Moon featuring 15 new songs came just in time for the rapper 39 s birthday 
2020-07-20,200000,AstraZeneca,As Moderna Pfizer and BioNTech have this month been busy releasing early data out of their COVID 19 vaccine programs AstraZeneca is now joining the July nbsp 
2020-07-20,100000,Stimulus,Democrats and Republicans have returned to Washington with the intention of hammering out a new coroanvirus stimulus package While many Americans nbsp 
2020-07-20,100000,Moderna stock,Shares of Moderna NASDAQ MRNA fell sharply on Monday following an analyst downgrade and positive vaccine trial results from a rival drugmaker By the nbsp 
2020-07-20,100000,John Oliver,The Last Week Tonight host dissects the allure of conspiracy theories and the particular risk they pose during the pandemic 
2020-07-20,100000,Nina Kapur,Nina Kapur who joined CBS2 in June 2019 was a passenger on a scooter rented from Revel a ride share company whose Vespa style vehicles have become nbsp 
2020-07-20,100000,Symptoms of COVID-19,A U K biotech has seen its shares skyrocket on new data from its experimental treatment in hospitalized COVID 19 patients but it 39 s too early for game changer nbsp 
2020-07-20,50000,Juventus,Juventus led by forward Cristiano Ronaldo faces Lazio on Monday July 20 2020 7 20 20 at Juventus Stadium in Turin Italy 
2020-07-20,50000,Nintendo Direct,We 39 ve been waiting for a long time for a new Nintendo Direct and excitement is running high There 39 s one this morning but maybe reconsider that excitement 
2020-07-20,50000,Mark Zuckerberg,Facebook boss Mark Zuckerberg is back in the internet spotlight but it 39 s not for testifying before Congress or the ongoing advertising boycott over Facebook 39 s nbsp 
2020-07-20,50000,Sarah Cooper,TikTok 39 s favorite mimic knows the key to spoofing the president Just let him speak for himself 
2020-07-20,50000,Natalie Maines,The Chicks frontwoman opens up about the most fiery lyrics on their new album Gaslighter 
2020-07-20,50000,Alex Trebek,Amidst his battle with Stage 4 pancreatic cancer Alex Trebek the amiable host of Jeopardy told Good Morning America on Monday that he is worried about his nbsp 
2020-07-20,50000,Jennifer Eckhart,In addition to Henry 39 s alleged violent sexual misconduct the lawsuit also claims sexual harassment by Tucker Carlson Sean Hannity Howard Kurtz and Gianno nbsp 
2020-07-20,20000,Tenet,The John David Washington thriller could get an unusual release thanks to Covid 19 
2020-07-20,20000,Antonio Brown,Antonio Brown is apparently retiring again The former Pro Bowl receiver posted a series of tweets Monday saying he 39 s done with the NFL Is it time to walk away nbsp 
2020-07-20,20000,Quest,The U S Food and Drug Administration has approved pool testing to detect the novel coronavirus potentially allowing more Americans to be tested using fewer nbsp 
2020-07-20,20000,Nikema Williams,State Democratic officials vote overwhelmingly for Williams on Monday Lewis had represented the majority Black and Democratic district which includes Atlanta nbsp 
2020-07-20,20000,IBio stock,MarketWatch
2020-07-21,200000,Larry Householder,Ohio House Speaker Larry Householder and four others appeared U S District Court Magistrate Stephanie K Bowman on Tuesday on charges that they nbsp 
2020-07-21,100000,Ted Yoho,Not only is Ted Yoho a creep he 39 s a gutless creep as well 
2020-07-21,50000,Robin Williams,Social media remembers comedic icon Robin Williams on what would have been his 69th birthday See tributes to the 39 Aladdin 39 voice actor inside 
2020-07-21,50000,Daisha Riley,Good Morning America is mourning the loss of the show 39 s producer Daisha Riley who died unexpectedly at 35 GMA co host Michael Strahan shared the news nbsp 
2020-07-21,50000,Alyssa Nakken,Nakken the first female coach in the major leagues was assigned to coach first base on Monday night 39 s exhibition game 
2020-07-21,20000,Jennifer Lawrence,KANYE West shared pictures of actresses Halle Berry and Jennifer Lawrence during a Twitter frenzy on Sunday The pictures which showed a google search of nbsp 
2020-07-21,20000,Oliver Stone,The filmmaker opened up during an upcoming interview on BBC 39 s The Arts Hour from cancel culture to his own dealings with Vladimir Putin 
2020-07-21,20000,Watford vs Man City,Check out Michael Leboff 39 s Premier League betting preview for Tuesday 39 s match between Manchester City and Watford 
2020-07-21,20000,Barbara Fedida,Anne Stych Staff Writer Bizwomen Jul 21 2020 8 25am EDT Updated Jul 21 2020 10 49am EDT Sign up for our free newsletter Sign Up Facebook nbsp 
2020-07-21,20000,Snap stock,Snap stock dropped after reporting second quarter results after the close Tuesday that beat Wall Street estimates on the top and bottom line 
2020-07-21,20000,OnePlus Nord,The new OnePlus phone looks great but it 39 s only launching in Europe and India 
2020-07-20,1000000,Nicki Minaj,Rapper says she is 39 overflowing with excitement amp gratitude 39 after revealing news on Instagram Nicki Minaj Nicki Minaj has topped the US charts twice this year 
2020-07-20,500000,Kanye West Twitter,Dave Chappelle is visiting Kanye West following the rapper 39 s twitter meltdown 
2020-07-20,500000,Michael Brooks,Popular political commentator Michael Brooks who hosted The Michael Brooks Show and The Majority Report has died suddenly at age 37 
2020-07-20,200000,Pop Smoke,The rapper was killed in a home invasion back in February 
2020-07-20,200000,AstraZeneca stock, Bloomberg AstraZeneca Plc fell from a record high in New York trading after data for the company 39 s Covid 19 vaccine candidate though promising fueled nbsp 
2020-07-20,200000,Ed Henry,UPDATED with Fox News amp Ed Henry attorney statements on lawsuit Tucker Carlson is returning to Fox News Channel tonight after a short vacation but along nbsp 
2020-07-20,200000,Stimulus,The coronavirus relief package will be a focus of Congress this week Lawmakers must decide on a new wave of stimulus and unemployment checks 
2020-07-20,100000,Moderna stock,Moderna stock fell Monday on a downgrade after an analyst suggested the coronavirus vaccine maker is overvalued He now has a neutral rating on MRNA nbsp 
2020-07-20,100000,Alex Trebek, Jeopardy host Alex Trebek says if his current treatment for Stage 4 pancreatic cancer doesn 39 t work he 39 ll probably stop pursuing medical intervention 
2020-07-22,200000,Alaska earthquake,A powerful earthquake off Alaska 39 s southern coast has jolted coastal communities and forced residents to briefly scramble for higher ground over fears of a nbsp 
2020-07-22,200000,QAnon,Twitter has announced a crackdown on the QAnon conspiracy theory banning thousands of accounts and blocking web addresses linking to videos and nbsp 
2020-07-22,100000,Liverpool vs Chelsea,Wednesday is a big day for both Liverpool and Chelsea as they meet at Anfield for the Premier League 39 s 37th matchday The Reds already league champs will nbsp 
2020-07-22,100000,Mookie Betts,BOSTON CBS When the Red Sox traded Mookie Betts away this past winter some Red Sox fans held on to some hope that Betts may sign back with Boston nbsp 
2020-07-22,100000,Chicago,President Donald Trump announced plans Wednesday to flood American cities with a surge of federal law enforcement to address ongoing violence starting nbsp 
2020-07-22,100000,Manchester United,Manchester United are not out of the running for a Champions League berth but they need a win against 16th place West Ham on Wednesday to claw their way nbsp 
2020-07-22,100000,One Direction,Today One Direction celebrates its 10th anniversary The original crew Harry Styles Zayn Malik Niall Horan Liam Payne and Louis Tomlinson first came nbsp 
2020-07-22,100000,National Hurricane Center,Tropical Storm Gonzalo formed in the mid Atlantic region and the National Hurricane Center NHC expects it to become the first hurricane of the season 
2020-07-22,100000,Anna Camp,The Pitch Perfect actress revealed she contracted the coronavirus after going outside without a mask and still has lingering symptoms 
2020-07-22,50000,Tesla earnings,Tesla investors are looking for a profit this quarter which would qualify Tesla for inclusion in the S amp P 500 index Here is what investors should watch 
2020-07-22,50000,Pfizer,The U S has agreed to pay Pfizer and BioNTech nearly 2 billion to secure 100 million doses of their experimental coronavirus vaccine to provide to Americans nbsp 
2020-07-22,50000,Halo Infinite,We 39 ve gotten a look at the box art for Halo Infinite ahead of the Xbox Games Showcase tomorrow 
2020-07-22,50000,Stanley Robinson,Robinson was a second round pick by the Orlando Magic in 2010 and helped the Huskies make the 2009 Final Four 
2020-07-22,50000,National Hot Dog Day, CNN No matter how you like your wiener prepared grilled or boiled with mustard ketchup or chili we can all agree on one thing and that 39 s that hot dogs nbsp 
2020-07-22,50000,Woody Johnson,Jamal Adams weighed in on the report by saying 39 We need the right people at the top 39 
2020-07-22,50000,Chinese consulate Houston,The United States government has abruptly ordered China to cease all operations and events at its consulate in Houston Texas according to the Chinese nbsp 
2020-07-22,20000,Eugenics,On Tuesday Planned Parenthood of Greater New York announced that it would be removing Sanger 39 s name from their Manhattan Health Center over her views nbsp 
2020-07-22,20000,Terrell Owens,Terrell Owens showed he 39 s still incredibly fast by keeping up with one of the fastest receivers in the NFL 
2020-07-22,20000,Sage Steele,ESPN anchor Sage Steele believes she wasn 39 t included in the network 39 s recent special on race because she wasn 39 t considered by certain Black colleagues to nbsp 
2020-07-22,20000,Martha Stewart,The queen of home living Martha Stewart 78 took to Instagram to post a rare bathing suit selfie while lounging pool side on a hot summer day 
2020-07-23,1000000,Seattle Kraken,Seattle 39 s NHL team has finally announced its name the Kraken as well as a color scheme icy blue and navy blue with sharp red accents 
2020-07-23,500000,Roy Jones Jr,Tyson and Jones reportedly won 39 t wear headgear but will use bigger gloves perhaps 12 ounces in their exhibition bout 
2020-07-23,500000,Max Ehrich,NEW YORK Singer actors Demi Lovato and Max Ehrich are engaged The couple made the announcement on Instagram on Thursday both posting a photo of nbsp 
2020-07-23,500000,Taylor Swift,In a move that seems off brand for Swift she announced many details of the album including its release time and tracklist 
2020-07-23,200000,Washington Football Team,The Washington NFL franchise formerly known as the Washington Redskins is officially going to change its name to the Washington Football Team 
2020-07-23,100000,Yoho,Rep Alexandria Ocasio Cortez D N Y addressed a public confrontation she had with Rep Ted Yoho R Fla earlier this week She said her family did not nbsp 
2020-07-23,100000,Yankees,Money wasn 39 t the only thing that convinced a California native to choose baseball in the Bronx The mystique of one of sports 39 most historic franchises got it nbsp 
2020-07-23,100000,Lakers,With the Lakers set to get back on the basketball court against somebody in a different jersey for the first time since March here are three things to know before nbsp 
2020-07-23,100000,Heather Childers,Fox News and Heather Childers have parted ways a Fox News spokeswoman told the Daily News Thursday We wish her all the best 
2020-07-23,50000,Hand sanitizer recall,The FDA is warning consumers and health care providers that the agency has seen a sharp increase in hand sanitizer products that are labeled to contain nbsp 
2020-07-23,50000,Nate Robinson,Robinson and Paul have beefed over the last few months about making this happen 
2020-07-23,50000,Telfar,Aspiring customers spoke out on Twitter claiming that Hypernova Group was buying up the bags in order to resell them at a higher price 
2020-07-23,50000,J. Cole,With the arrival of two new songs from J Cole fans have started to unpack the lyrics and think he 39 s addressing Lil Pump on Lion King on Ice 
2020-07-23,50000,Michael Cohen,WASHINGTON Michael Cohen President Donald Trump 39 s former attorney will be released to home confinement after a federal judge in New York found that nbsp 
2020-07-23,50000,Charles Evers,Charles Evers the older brother of slain civil rights leader Medgar Evers and a longtime figure in Mississippi politics has died in Mississippi 
2020-07-23,50000,MLB Opening Day,Corey Knebel Hoby Milner and Brandon Workman land on Opening Day rosters 
2020-07-23,20000,Indiana mask mandate,Starting Monday facial coverings will be required across the Tristate Indiana 39 s mandatory mask order joins similar orders in Ohio and Kentucky 
2020-07-23,20000,Udinese vs Juventus,This afternoon we have Juventus taking on Udinese in Serie A you can stream all your soccer action here 
2020-07-23,20000,Funko,Funko 39 s lineup of Pop figures for San Diego Comic Con 2020 aka Comic Con Home are live now You can check out all of the figures and where to get them nbsp 
2020-07-23,20000,Albuquerque,New Mexico health officials yesterday reported 316 new positive test cases for COVID 19 bringing the statewide total so far to 17 828 with 6 974 designated as nbsp 
2020-07-24,200000,UFO,What with a contentious presidential election a global pandemic and the postponed release of the Top Gun sequel you 39 d think there 39 d be just no room for news nbsp 
2020-07-24,200000,National Tequila Day,NEW YORK NEW YORK AUGUST 29 Nick Jonas attends the John Varvatos Villa One Tequila Launch Party at John Varvatos Bowery on August 29 2019 in nbsp 
2020-07-24,200000,Fauci,The next time you get on a plane there 39 s one person you aren 39 t likely to run into White House Coronavirus Task Force member Dr Anthony Fauci 
2020-07-24,100000,Jerry Taft,Jerry Taft who was a trusted and engaging presence as a top meteorologist on Chicago television and radio for more than 40 years died Thursday according 
2020-07-24,100000,NASCAR,Denny Hamlin 39 s fifth Cup win of the season Thursday continued the dominance he has had since pairing with crew chief Chris Gabehart last year 
2020-07-24,100000,Dil Bechara,It is hard to look at Manny the character and not Sushant the actor and be part of this utterly strange experience where reality is much more moving than nbsp 
2020-07-24,100000,Mets,Baseball returns to New York when the Braves face the Mets at Citi Field 
2020-07-24,50000,Mike Adams,Friends of Mike Adams the controversial professor at UNC Wilmington in North Carolina pounded on his home 39 s door and shouted his name before New nbsp 
2020-07-24,50000,Jim Ryun,President Trump presented the Presidential Medal of Freedom to legendary runner and former Kansas congressman Jim Ryun recalling his nickname as the nbsp 
2020-07-24,50000,Phillies,The Phillies 39 opening day lineup is out and it 39 s about as balanced as it can get 
2020-07-24,50000,Jordan 12,The Air Jordan 12 University Gold is now available to buy online right here Get yours now 
2020-07-24,50000,The Boys season 2,See the latest trailers for Amazon Prime 39 s dysfunctional superhero series The Boys starring Karl Urban Catch up on everything you need to know before season nbsp 
2020-07-24,20000,Marlon Wayans,Entertainer Marlon Wayans has shared two emotional tributes to his mother Elvira who recently died The Instagram posts came Thursday which was Wayans 39 nbsp 
2020-07-24,20000,Clayton Kershaw,Good morning folks After a wild Opening Day in baseball it 39 s time for the Mariners to get their 2020 season started Major League Baseball was producing major nbsp 
2020-07-24,20000,Nick Sandmann, Thanks to my family amp millions of you who have stood your ground by supporting me Northern Kentucky teen Nick Sandmann tweeted I still have more to do 
2020-07-24,20000,INTC,Nasdaq
2020-07-24,20000,Christopher Columbus,Mayor Lori Lightfoot 39 s office said the statues had been temporarily removed after recent demonstrations became unsafe for both protesters and police 
2020-07-24,20000,Ciara,Baby Win Harrison Wilson is the second biological child for Russell Wilson and Ciara 
2020-07-24,20000,Astros,Yordan Alvarez and Jose Urquidy had been out with what the team described as a condition that prevented them from reporting to the field 
2020-07-24,20000,Dave Portnoy,President Trump sat down for a candid interview with Barstool Sports founder Dave Portnoy to discuss sports Twitter and the ongoing coronavirus outbreak 
2020-07-25,2000000,Regis Philbin,The talk show host rose to fame with the nationally syndicated program Live with Regis and Kathie Lee and enjoyed continuing success as the host of Who nbsp 
2020-07-25,200000,Peter Green,Lawyers representing the family of Peter Green the dexterous blues guitarist who led the first incarnation of Fleetwood Mac in a career shortened by psychedelic nbsp 
2020-07-25,200000,Jamal Adams,The Seahawks dealt veteran safety Bradley McDougald and first round picks in 2021 and 2022 to get Adams 
2020-07-25,200000,Elon Musk,The billionaire space oddity on life with Grimes and Baby X Trump Tesla tunnels short shorts stock surges Facebook fumbles and everything else under the nbsp 
2020-07-25,100000,Ray Park,All of these are allegations and accusations that have not been proven to be true in any court of law or by any of the representatives of the people involved 
2020-07-25,50000,NFAC,Carrying weapons and dressed in black the NFAC also known as the Not F ing Around Coalition is in town to show support for its view of justice in the nbsp 
2020-07-25,50000,Pokemon GO Fest 2020,Pokemon GO Fest 2020 is now live and it 39 s very different from in the past as now it has been made into an event that can be played anywhere versus in one 
2020-07-25,50000,Laurent Duvernay-Tardif,Duvernay Tardif says working on the front lines of the COVID 19 crisis gave him a different perspective on the pandemic 
2020-07-25,50000,Lake Lanier,A 17 year old Gainesville boy drowned in Lake Lanier on Friday afternoon according to the Georgia Department of Natural Resources 
2020-07-25,20000,Marie Curie,The new movie Radioactive dives into many lesser known aspects of the Curies 39 lives like their interest in the occult and Marie 39 s headline grabbing affair 
2020-07-25,20000,Angels,After a late night the A 39 s and Angels are running it back in Oakland 
2020-07-24,500000,Hurricane Hanna,The storm is bearing down on coastal areas near Corpus Christi where the virus has surged in recent weeks 
2020-07-24,200000,Cubs,Here 39 s a look at the virtual fans Fox is using for the Cubs Brewers game at Wrigley Field The network will be able to alter the crowd including thinning it out nbsp 
2020-07-24,200000,UFO,A report on the sightings said that most people see point sources of light spheres and boomerangs when seeing UFOs 
2020-07-24,200000,Joe Alwyn,Taylor Swift 39 s eighth album folklore has what fans think are hints about boyfriend Joe Alwyn Here we look at their love story so far 
2020-07-24,200000,National Tequila Day,A margarita wouldn 39 t be a margarita without it Today July 24 is National Tequila Day Tequila is a distilled beverage made from the blue agave plant that can nbsp 
2020-07-24,200000,Astros,HOUSTON Dusty Baker has managed thousands of games in his big league career and none were quite like his debut with the scandal ridden Houston nbsp 
2020-07-24,200000,Mets,Brad Brach 39 s coronavirus case is familiar and at times scary but the story has a happy ending newborn twin sons Upon rejoining the Mets on Saturday the nbsp 
2020-07-24,200000,Red Sox,The Boston Red Sox opened their pandemic shortened season on Friday night It was a strange scene as no fans were allowed in the stands Here are some of nbsp 
2020-07-24,200000,Jerry Taft,Jerry Taft who served as a meteorologist at ABC7 Chciago for 33 years before retiring died peacefully Thursday night surrounded by family He was 77 
2020-07-26,500000,Olivia de Havilland,The actress is best remembered for her role in Gone With the Wind but the two time Oscar winner also won a landmark decision that gave artists creative nbsp 
2020-07-26,100000,Garrett Foster,Police in Austin Texas are investigating the fatal shooting of a protester at an anti racism march Garrett Foster was pushing his fiancée 39 s wheelchair at the nbsp 
2020-07-26,100000,Biz Markie,Biz Markie has been in hospital for several weeks after suffering a serious illness relating to type 2 diabetes it is being reported 
2020-07-26,50000,Spencer Grammer, Rick and Morty actress Spencer Grammer was injured but expects to recover quickly after getting stabbed while attempting to quell an altercation 
2020-07-26,50000,Alex Trebek,Trebek is well aware of what he has come to represent to viewers over his 36 years as the host of Jeopardy He 39 s the reliable figure you can count on to appear nbsp 
2020-07-26,50000,Yankees vs Nationals,The Yankees and Nationals return to action on Saturday with one big addition and one big subtraction 
2020-07-26,50000,Edmund Pettus Bridge,The late US Rep John Robert Lewis made his final journey on Sunday across the famous bridge in Selma Alabama where the towering civil rights figure nbsp 
2020-07-26,50000,Meet The Press,Meet the Press will not be shown this week due to special NBC programming that is scheduled for later today 
2020-07-26,50000,Brett Favre,Pro Football Hall of Famer Brett Favre just took a significant hit to his reputation with his recent invovlement with Donald Trump 
2020-07-26,50000,Juventus,Maurizio Sarri has defied his sceptics by winning the first league title of his 30 year coaching career as Juventus extended their record run of Serie A title wins to nbsp 
2020-07-26,50000,Newcastle vs Liverpool,Lineups television and streaming options and live Premier League coverage as Liverpool finish the season against Newcastle 
2020-07-26,50000,Justin Verlander,The Astros will announce that reigning American League Cy Young Award winner Justin Verlander is out for the season with an elbow injury two people with nbsp 
2020-07-26,20000,Chelsea vs Wolves,Anthony Dabbundo previews Sunday 39 s Premier League match between Chelsea and Wolves featuring betting odds and a pick 
2020-07-26,20000,Hurricane Douglas update,HAWAIʻI The Hurricane Watch for the Big Island has been cancelled and a Hurricane Warning has been issued for Maui courtesy NOAA NWS Audio Player 
2020-07-25,5000000,Regis Philbin,A tribute to Regis Philbin who spent a legendary lifetime on television 
2020-07-25,500000,Hurricane Hanna,Hurricane Hanna weakened to a tropical storm after making landfall along southern Texas 39 s Gulf Coast on Saturday evening bringing heavy rains and threats of nbsp 
2020-07-25,500000,Jamal Adams,The Seattle Seahawks coach Pete Carroll and general manager John Schneider probably won 39 t be able to justify the Jamal Adams trade 
2020-07-25,500000,Peter Green,Founder of Fleetwood Mac and one of the guitar playing greats of 1960s blues rock 
2020-07-25,200000,John Saxon,The prolific performer was best known for Enter the Dragon and A Nightmare on Elm Street 
2020-07-25,200000,Elon Musk,Mark Zuckerberg has issues The coronavirus really is dangerous if you 39 re old or in poor health but it shouldn 39 t shut down factories And Kanye West should run nbsp 
2020-07-27,500000,Stimulus check,If you qualified for a check in the first round you are likely up for a second payment 
2020-07-27,200000,Marlins,At least 14 members of the team including 12 players have tested positive after playing three games in Philadelphia this weekend 
2020-07-27,100000,Sophie Turner,This is the couple 39 s first child They got married twice in 2019 
2020-07-27,100000,Gold price,Investors buy precious metal as concerns grow over global economy and US China row 
2020-07-27,50000,Tom Cotton,Sen Tom Cotton R Ark is coming under fire for recent comments he made about the nation 39 s founding and the history of slavery in which he quoted the nbsp 
2020-07-27,50000,Bitcoin,Bitcoin price set a new 2020 high after the price surged through the multi year resistance level at 10500 
2020-07-27,50000,Bitcoin price,Bloomberg is optimistic about Bitcoin price advancing beyond 12000 in the near future on the strength of on chain and off chain indicators 
2020-07-27,50000,AMD stock,AMD stock rallied 16 5 on Friday after Intel stumbled But those gains leave Tuesday 39 s earnings release in a potential 39 no win 39 situation 
2020-07-27,50000,After We Collided, After movie sequel After We Collided announces U S release date and shares a new official trailer 
2020-07-27,50000,NFL Top 100,The Eagles had five players on the first reveal of the NFL 39 s top 100 players list of 2020 but key names missing may not appear at all 
2020-07-27,50000,Hydroxychloroquine,Contrary to popular politicized opinion hydroxychloroquine can be highly effective against COVID 19 according to a seasoned epidemiology professor at the nbsp 
2020-07-27,50000,Champions League,Kylian Mbappe is set to miss out on Paris Saint Germain 39 s Champions League quarter final clash with Atalanta due to an ankle injury his club have confirmed 
2020-07-27,20000,Talib Kweli,Twitter believes that Talib Kweli and Sara Jay have been intimate leading to some crazy reactions Talib Kweli has a pretty bad relationship with social med 
2020-07-27,20000,Robert O'Brien,Mr O 39 Brien becomes the most senior Trump official to test positive for the coronavirus The White House said he contracted it at a family gathering 
2020-07-26,1000000,Olivia de Havilland,A rep for the actress told E News she died peacefully from natural causes at her residence in Paris France 
2020-07-26,1000000,John Lewis,The late Georgia congressman 39 s body lies in state in the Capitol Rotunda The public viewing for the conscience of the Congress is being held outside through nbsp 
2020-07-26,200000,Garrett Foster,The two were often seen at Black Lives Matter protests in Austin 
2020-07-26,200000,Justin Verlander,The Houston Astros suffered a major blow to their rotation on Sunday with Justin Verlander 39 s injury and threw the door wide open for the Oakland A 39 s 
2020-07-26,100000,Spencer Grammer,Rick and Morty voice actress Spencer Grammer daughter of Kelsey Grammer was slashed and her companion stabbed while trying to break up a dispute nbsp 
2020-07-26,100000,Juventus,Juventus is the undisputed leader of Italian soccer Cristiano Ronaldo scored the go ahead goal and Juventus beat Sampdoria 2 0 Sunday to secure the Turin nbsp 
2020-07-28,200000,William Barr,Attorney General William Barr appeared before the House Judiciary Committee Tuesday for the first time in his year and a half long tenure 
2020-07-28,200000,"Bailey Island, Maine",HARPSWELL Maine WHDH Officials have released the identity of a woman who they say died following a shark attack off the shore of Bailey Island in nbsp 
2020-07-28,100000,Kodak stock,The once dominant photography giant is joining the battle against COVID 19 
2020-07-28,50000,Patrick Mahomes,Chiefs 39 Patrick Mahomes follows up historic contract extension by becoming part owner of Kansas City Royals 
2020-07-28,50000,Grounded,Everything currently known about Obsidian 39 s Grounded game and how it blends RPG and survival mechanics with a 39 Honey I Shrunk the Kids 39 plot 
2020-07-28,50000,Brewers,Whenever Ryan Braun retires Brewers fans won 39 t be ready for it but the debate will rage on whether or not to retire his No 8 We settle that debate 
2020-07-28,20000,Stephon Tuitt,For the second day in a row First Call takes a look at another sports figure with Pittsburgh ties sounding off about kneeling during the anthem On Monday it nbsp 
2020-07-28,20000,Mike Foltynewicz,In 2018 after years as a top prospect and flashy young arm Mike Foltynewicz finally put together a huge year for the Braves 31 starts 183 0 innings 2 45 ERA nbsp 
2020-07-28,20000,Tropical storm,It may only be late July but the Atlantic Ocean appears to be on the verge of cranking out its ninth named storm of the 2020 hurricane season a milestone more nbsp 
2020-07-28,20000,Fenty Skin,Here 39 s everything you need to know about Rihanna 39 s much anticipated skincare line Fenty Skin 
2020-07-28,20000,Fall Guys,Mediatonic 39 s new party game pits 60 players against each other in a series of hilarious obstacles and contests Our preview 
2020-07-27,1000000,Stimulus check,Some households could receive even more money than last time under the bill 
2020-07-27,1000000,Hydroxychloroquine,The anti malaria drug promoted by President Trump as a treatment for Covid 19 is again at the centre of a political storm 
2020-07-27,1000000,John Lewis,John Lewis will lie in state in the Capitol for a second day Tuesday giving the public time to pay respects before his funeral in Georgia 
2020-07-27,500000,MLB,MLB has suspended the 2020 Miami Marlins season after four more players tested positive for COVID 19 leaving MLB officials scrambling to reschedule games 
2020-07-27,500000,Emmy nominations,Netflix scores big Watchmen gets the love it deserves and other notes on Tuesday 39 s Emmy nominations in this unusual season 
2020-07-27,500000,Megan Thee Stallion,Megan Thee Stallion said her shooting is nothing to joke about in first video appearance since the incident revealing during an Instagram Live that she was nbsp 
2020-07-27,200000,Vanessa Morgan,The couple wed in January and Morgan announced Friday she is expecting their first child 
2020-07-27,200000,Sophie Turner, CNN Joe Jonas and Sophie Turner have welcomed their first child Sophie Turner and Joe Jonas are delighted to announce the birth of their baby a nbsp 
2020-07-27,200000,Ellen DeGeneres,The Ellen DeGeneres Show is under investigation after multiple reports of a toxic workplace atmosphere for employees Buzzfeed Variety 
2020-07-29,100000,Louie Gohmert,Rep Louie Gohmert a Texas Republican who has frequently refused to wear a mask has tested positive for coronavirus 
2020-07-29,100000,Malik B,Malik Abdul Basit a rapper singer and founding member of The Roots has died according to a statement posted on the group 39 s verified Twitter account He was nbsp 
2020-07-29,50000,AMD,SANTA CLARA Calif July 29 2020 AMD announced revenue for the second quarter of 2020 of 1 93 billion operating income of 173 million net income 
2020-07-29,50000,Sundar Pichai,Google CEO Sundar Pichai joined the CEOs of Amazon Apple and Facebook Wednesday to testify before Congress about antitrust concerns 
2020-07-29,50000,National Chicken Wing Day,NEW YORK If ever you needed an excuse to eat chicken wings at all three meals this is it July 29 marks National Chicken Wing Day a holiday devoted to all nbsp 
2020-07-29,50000,Joey Bosa, CBSLA The Los Angeles Chargers have locked in star defensive end Joey Bosa for another five years The parties agreed to a contract extension worth nbsp 
2020-07-29,50000,Tempe Town Lake,Tempe Fire Department officials say the derailment happened around 6 a m on July 29 and involved a Union Pacific train At least 90 firefighters responded to nbsp 
2020-07-29,20000,Marquise Goodwin,Eagles wide receiver Marquise Goodwin announced yesterday that he has decided not to play this season because of concerns about COVID 19 Today nbsp 
2020-07-29,20000,Succession,Prestige television doesn 39 t get more gripping than Jesse Armstrong 39 s Succession an award winning series about the dysfunctional but extremely powerful family nbsp 
2020-07-29,20000,Dr Stella Immanuel Doctor,Stella Immanuel a doctor at the centre of a controversy over unproven and potentially dangerous claims that an anti malaria drug can treat Covid 19 is no nbsp 
2020-07-29,20000,Ag Barr,Barr rejects Democrats 39 assertions of racism in US policing and denies he favoured Trump 39 s friends in Mueller trials 
2020-07-28,500000,Kodak stock,ROCHESTER N Y WHAM It has been a long time since the New York State Exchange has seen shares of Eastman Kodak Company skyrocket in value 
2020-07-28,500000,Emmy nominations,Netflix dominated the 72nd Emmy Award nominations on Tuesday breaking the record for the most nominations ever and a newcomer to the streaming nbsp 
2020-07-28,500000,Joe Kelly,The last time the Nationals saw Joe Kelly he served up Howie Kendrick 39 s extra inning grand slam in Game 5 of the NLDS 
2020-07-28,500000,William Barr,Here 39 s what you need to know to Get Up to Speed and On With Your Day 
2020-07-28,500000,Hurricane,Historical tropical events in Florida show August is the time when the tropics begin to wake up 
2020-07-28,200000,Megan Fox,It 39 s really on Rapper Machine Gun Kelly has appeared to confirm his romance with Hollywood actress Megan Fox 
2020-07-28,200000,Bailey Island Maine,BAILEY ISLAND WGME The Bailey Island community is in shock after a New York woman was killed in a rare great white shark attack Monday Great white nbsp 
2020-07-28,200000,Second stimulus check When,The second checks will follow the same eligibility formula as the first round Here 39 s how much money you could receive 
2020-07-28,100000,MacKenzie Bezos,MacKenzie Bezos former wife of Amazon CEO Jeff Bezos listed 116 non profit organizations that will receive funding as part of her pledge to give away the 
