"company","Catogery","TITLE","Authors","Text","Image","Videos","Link","Published_Date"
"foxnews","news","Vaccine Mandates Spread. Will Your Town Be Next?","['William Sanchez']","In a push to get more people vaccinated  New York City Mayor Bill DeBlasio announced proof of vaccination against the coronavirus will be required for both workers and customers for indoor restaurants  gyms and shows. It is the first major city in the U.S. to impose such restrictions to help control the rise in Covid cases caused by the Delta variant. Co-Anchor of “America’s Newsroom” on the FOX News Channel  Bill Hemmer weighs in on the latest NYC vaccine requirement and if we’ll see other cities and states follow. He also tells us about his latest FOX Nation documentary “American Outlaw: Clint Eastwood’s Life in Film.”  Another surge of migrants crossing the U.S.-Mexico border is sparking new concerns about the overcrowding creating a dangerous health environment in light of the spiking COVID-19 Delta variant. The Biden administration announced on Monday it would continue enforcement of the Trump-era policy  Title 42  allowing U.S. border officials to expel migrants to their home countries amid the global pandemic. Fox News National Correspondent Bill Melugin joins from the border in La Joya  Texas to explain how border agents are being overwhelmed by the ongoing migrant surge  how the Biden administration revoking the “Remain In Mexico” policy is contributing to increased border crossings and how Title 42 is being used by the Biden administration to fight the spread of COVID-19 among migrants.  Plus  commentary by FOX News Senior Meteorologist Janice Dean.","https://radio.foxnews.com/wp-content/uploads/2020/05/Rundown-Featured-Image-NEW.png","NA","https://radio.foxnews.com/2021/08/04/the-fox-news-rundown-8-4-2021/","2021-08-04 00:00:00"
"foxnews","news","Media  Biden  Top Democrats All Pushing Cuomo to Resign","['John Toldi']","Howie Kurtz on Governor Cuomo remaining defiant even after AG report findings  many calling on the Governor to resign and President Biden asking Governors to push for vaccinations or ‘get out of the way’.  Follow Howie on Twitter: @HowardKurtz  For more #MediaBuzz click here","https://radio.foxnews.com/wp-content/uploads/2021/02/BUZZ-METER-FEATURED-IMAGE-WordPress.png","NA","https://radio.foxnews.com/2021/08/04/media-biden-top-democrats-all-pushing-cuomo-to-resign/","2021-08-04 00:00:00"
"foxnews","news","Rep. Lee Zeldin Wants To Know Why There Is No Criminal Referral Against Andrew Cuomo From New York AG Letitia James","['Peter Caterina']","Congressman Lee Zeldin (R-NY) New York Republican Gubernatorial candidate spoke to Jason Chaffetz on The Brian Kilmeade Show about Governor Andrew Cuomo’s sexual harassment of multiple women. Zeldin says there is no choice for the democrat assembly but to move forward on impeachment. Zeldin wants to know why there is not going to be a criminal referral by New York State Attorney General Letitia James. Zeldin says what Cuomo is accused of is a Class A misdemeanor carrying up to a year in jail and having to be registered on the sex offender registry for forcible touching. Zeldin feels people need to stay on the offense because Cuomo thinks he can change facts and reality and it is still possible he is elected to a fourth term.","https://radio.foxnews.com/wp-content/uploads/2021/08/Cuomo-James.jpg","NA","https://radio.foxnews.com/2021/08/04/rep-lee-zeldin-wants-to-know-why-there-is-no-criminal-referral-against-andrew-cuomo-from-new-york-ag-letitia-james/","2021-08-04 00:00:00"
"foxnews","news","Janice Dean: Andrew Cuomo Playing The Victim Made Me Realize He Is A Psychopath","['Peter Caterina']","Janice Dean spoke to Jason Chaffetz on The Brian Kilmeade Show about the report by New York State Attorney General Letitia James that concluded Governor Andrew Cuomo sexually harassed multiple women. Janice says seeing Cuomo play the victim made her realize he is a psychopath. Dean credits the brave women who came forward and told their stories of harassment and believes there are no ifs  ands or buts that Cuomo is a predator and a power hungry leader that wants to make people feel like they are little and demean them. Janice  who lost her in-laws to Covid at assisted living facilities  also wants to make sure people don’t lose sight of the 15 000 dead grandparents and Cuomo’s role allowing and covering up admitting coronavirus positive patients into nursing homes.","https://radio.foxnews.com/wp-content/uploads/2021/08/AP_21215638434071.jpg","NA","https://radio.foxnews.com/2021/08/04/janice-dean-andrew-cuomo-playing-the-victim-made-me-realize-he-is-a-psychopath/","2021-08-04 00:00:00"
"foxnews","news","Sen. Ron Johnson: “We’re Heading In The Exact Same Direction” Even After Shutdown & Masks","['Jon Costantino']","On Fox Across America with Jimmy Failla  Sen. Ron Johnson (R-WI) shared his concerns that even after lockdowns and masks  America is headed towards another possible lockdown and the Democrats are to blame.  “I think it’s been insane how we’ve handled COVID in both administrations. You have to take a look at the last 18 months  over 600 000 people in terms of excess deaths  primarily due to COVID. And ask yourself  did any of these shutdowns work? Did masks work? And yet we’re heading in that exact same direction. Again  just the hypocrisy of the left. Again  they’re not worried at all about people bringing COVID from around the border  but they want to shut things down again. They want to make sure that teachers never have to teach again  apparently in person. No  it’s insane the way we’re approaching this. But it’s this climate of fear  the state of fear that the media  the social media and the Democrats want to keep America in. They want to maintain this because that is how they maintain control over our lives. That’s how they maintain their power. I think it’s really that cynical.”","https://radio.foxnews.com/wp-content/uploads/2018/06/Senator-Ron-Johnson-2.jpg","NA","https://radio.foxnews.com/2021/08/04/sen-ron-johnson-were-heading-in-the-exact-same-direction-even-after-shutdown-masks/","2021-08-04 00:00:00"
"foxnews","news","Leo Terrell: Cuomo Is “Daring Democratic Lawmakers To Impeach Him”","['Jon Costantino']","On Fox Across America with Jimmy Failla  Fox News Contributor Leo Terrell explained why Attorney General Letitia James should have filed charges against Gov. Andrew Cuomo and how Gov. Cuomo is daring lawmakers to impeach him.  “Andrew Cuomo is a bully and he should be shunned. It’s easy for politicians to call for his resignation.  it takes profiles in courage for him to be impeached. There’s enough evidence for that district attorney in Albany to prosecute him right now. But they won’t do it. And that’s shameful.”  “He came up with a preplanned political commercial  trying to draw on sympathy. This guy is not going to resign  and he’s basically daring Democratic lawmakers to impeach him. He’s daring them and they’re not going to do it. There’s a distinction between calling for a resignation and calling for an impeachment and acting on an impeachment. And Joe Biden reluctantly said he should resign and held off any issues about impeachment”  “Letitia James  she sat there trying to be so serious and mature. I give her credit  ithey did a great job of investigating  but she got political motivation. She got pure political motivation. And we’re Cuomo may not resign and he’s not going to get impeached. He can’t run for reelection. She’s just waiting in the wings. She got the #MeToo movement sitting there just waiting. She’s going to allegedly take the high moral ground. But if she really wanted to nail him  she should have said  I am demanding that the district attorney file criminal charges. I am demanding that the state lawmakers impeach him today  but she didn’t do that.”","https://radio.foxnews.com/wp-content/uploads/2021/05/download-7.jpg","NA","https://radio.foxnews.com/2021/08/04/leo-terrell-cuomo-is-daring-democratic-lawmakers-to-impeach-him/","2021-08-04 00:00:00"
"foxnews","news","Texas Lt. Gov. Dan Patrick: Dealing With COVID & The Border  Biden Has “Turned His Back On The Country”","['Jon Costantino']","On Fox Across America with Jimmy Failla  Texas Lt. Governor Dan Patrick explained how President Biden has “turned his back on the country” when dealing with those who are crossing the border illegally while still being infected with COVID  and gave his opinion on Gov. Andrew Cuomo choosing not to resign after being found to have sexually harassed various women and staff members.  “This is by design from the administration. That’s why they don’t care about the disease that’s coming out of Texas and every town in this country because these people are being put on a bus  even though they tested positive for COVID and sent to a city somewhere in the country. They used to say this  kind of like somebody trying to be smart and I’m not saying this to be a smart aleck  I’d like to take six bus loads of people with COVID  illegal  and bring them to any Democrat Congressman’s neighborhood and see what they think. You know  drop them off somewhere. We would never tolerate that.”  “I’m as conservative as you can be. But looking back on history  any Republican president  any Democrat president  I don’t know of any president in the history of this country that would open up our border and allow millions of people to cross it  to have a deadly virus  while they’re trying to stop that virus  but to have a deadly virus  who are infiltrated with gang members and criminals and drugs coming over  we can’t keep up with it all. I don’t know of any president in history  any Republican or Democrat  that would have ever done this? It’s unthinkable that we have a president that’s turned his back on the country  but it’s all a plan because they want to get in before the year 2024. They want to get in four million  eight million people. And how many of those are over 18? They’ll make citizens or registered to vote.”  “This guy is the biggest fraud and biggest joke in American politics. And when you see even Democrat  liberal Democrats  leftist Democrats turn on him  what he did in office is disgraceful. It’s unacceptable. From nursing homes to the sexual harassment and how he sits up there and struts himself and his brother on CNN. These types of people in office are bad for everyone  Republicans and Democrats  because if people don’t trust  and we have a lack of trust and a lot of our institutions in America today for lots of reasons  valid or not valid. But when they look at that  and if he can get away with that and be king as he sees himself  then that undermines our democracy. And so whether it was a Republican  I’d say the same thing.”","https://radio.foxnews.com/wp-content/uploads/2021/03/Lt-Gov-Dan-Patrick.jpg","NA","https://radio.foxnews.com/2021/08/04/texas-lt-gov-dan-patrick-dealing-with-covid-the-border-biden-has-turned-his-back-on-the-country/","2021-08-04 00:00:00"
"foxnews","news","Guy Benson: ‘Take A Breath America’ The Worst Of Covid Is Behind Us","['Wyatt Dobrovichfago']","  Listen To Guy’s FULL Monologue Below:    Guy Benson said   “The fact that we have 70 percent of the country  the adult population  at least partially vaccinated by definition means. That the worst of this is behind us  based on all of the available evidence  based on everything that we know  the worst is behind us.”  Benson added   “I encourage strongly vaccination  I encourage taking things seriously  the delta wave is serious  but let’s not lose our heads  lose our minds  lose sight of evidence. Because then people are just running around like chickens with their heads cut off and it achieves absolutely nothing. And in that climate of fear. And panic and hysteria  you can have really stupid decisions being made. As a matter of public policy. For the way that society runs and the way that our children’s lives are affected in schools and elsewhere. I feel like I say this a lot. Take a breath  America.”","https://radio.foxnews.com/wp-content/uploads/2013/02/2-21-flu-vaccine.jpg","NA","https://radio.foxnews.com/2021/08/04/guy-benson-take-a-breath-america-the-worst-of-covid-is-behind-us/","2021-08-04 00:00:00"
"foxnews","news","Joe Concha Rips CNN ‘Anchor’ Chris Cuomo For Ignoring Brothers Scandals On His Primetime ‘News’ Show","['Wyatt Dobrovichfago']","  Listen To The Full Interview Below:    Joe Concha  Fox News Contributor  political columnist at the Hill joined Fox News Radio’s Guy Benson Show to talk about the media coverage of CNN ‘Anchor’ Chris Cuomo who was silent last night on his prime time show about the NY AG report that alleges his Governor brother sexually harassed several women.  Joe Concha sounded off by saying ","https://radio.foxnews.com/wp-content/uploads/2021/05/Joe-Concha.jpg","NA","https://radio.foxnews.com/2021/08/04/joe-concha-rips-cnn-anchor-chris-cuomo-for-ignoring-brothers-scandals-on-his-primetime-news-show/","2021-08-04 00:00:00"
"foxnews","news","‘The Crisis Is Unbelievable’ Rep. Chip Roy (R-TX) Reacts To Illegal Border Crossings Reaching Highest Level In 21 Years","['Wyatt Dobrovichfago']","    Congressman Chip Roy (R-TX) joined Fox News Radio’s Guy Benson Show to react to a report that shows illegal border crossings have reached their highest level in 21 Years last month.  Congressman Chip Roy said   “I had some conversations with some of the guys who really know what’s going on. Mark Morgan  the former head of Border Patrol under Trump  Tom Homman the former head of ICE. And they are actually beside themselves. They’ve seen a lot of bad things. They’ve seen a lot of big numbers. And they can’t  for the life of them  understand why this is not a bigger deal. You know  if you go back and you remember a couple of years ago when AOC and everybody was running down and screaming kids in cages  which was a lie and the drinking out of toilets allegation  which was a lie. And now they’re nowhere to be found. When you have 7000 immigrants in facilities that are designed to hold about six or 700 hundred  you have hundred degree heat.”  Rep. Roy added ","https://radio.foxnews.com/wp-content/uploads/2021/03/Chip-Roy.jpg","NA","https://radio.foxnews.com/2021/08/03/the-crisis-is-unbelievable-rep-chip-roy-r-tx-reacts-to-illegal-border-crossings-reaching-highest-level-in-21-years/","2021-08-03 00:00:00"
"foxnews","news","Janice Dean Reacts To NY A.G Report That Found Gov. Cuomo Sexually Harassed Multiple Women","['Wyatt Dobrovichfago']","  Listen To The Full Interview Below:    Janice Dean  Senior Meteorologist for FNC & NY Times bestselling author joined Fox News Radio’s Guy Benson Show to give her reaction to the New York Attorney General Letitia James’s investigation of Governor Andrew Cuomo that found he sexually harassed multiple women.  Janice Dean reacted by saying   “Grateful  grateful to the women who were brave enough to stand up to a monster. Many of them young women  and to see their strength and bravery even in the face of this awful  awful man  I mean  after when he came out with his response  his taped response  with all of those pictures of  you know  young and old people  he’s he’s kissed before politicians  including Bill Clinton  which I have to have a laugh about putting Clinton and Cuomo in the same photo  kissing each other was quite something. But  you know  he’s still to this day denies and blames and plays the victim guy just disgusting. So what that tells me is he’s not going to leave. It doesn’t matter how many Democratic lawmakers ask for him to go  he’s going to sit on his throne of lies until he’s kicked out.”","https://radio.foxnews.com/wp-content/uploads/2021/08/Janice-Dean-3.jpg","NA","https://radio.foxnews.com/2021/08/03/janice-dean-reacts-to-ny-a-g-report-that-found-gov-cuomo-sexually-harassed-multiple-women/","2021-08-03 00:00:00"
"foxnews","news","Rep. Claudia Tenney (R-NY): The Attorney General’s Report Is “A Killshot” For Gov. Cuomo","['Jon Costantino']","On Fox Across America with Jimmy Failla  Rep. Claudia Tenney (R-NY) reacted to Gov. Andrew Cuomo’s defiant response to the Attorney General’s report which found that Cuomo had sexually harassed various women.  “We’ve all been waiting for Letitia James  the Attorney General  to come out with this report. These women  all of these allegations have been coming out and dripping out for months and months and months  even starting last year. And everyone was very patient. We were demanding resignation or impeachment and nothing happened. And everyone’s like wait for the report. Well  here’s the report. The report is damning. It’s bad. It’s a kill shot at him  although it’s interesting that the Attorney General doesn’t choose to bring any kind of criminal charges or civil charges against him  which means it’s going to be up to the victims to do that and it’s going to be up to the state legislature to bring articles of impeachment.”","https://radio.foxnews.com/wp-content/uploads/2021/08/download-2.jpg","NA","https://radio.foxnews.com/2021/08/03/rep-claudia-tenney-r-ny-the-attorney-generals-report-is-a-killshot-for-gov-cuomo/","2021-08-03 00:00:00"
"foxnews","news","Cuomo & Clint Eastwood: Bill Hemmer Talks To Jimmy","['Jon Costantino']","On Fox Across America with Jimmy Failla  “America’s Newsroom” Co-Anchor Bill Hemmer talked to Jimmy just moments after the New York Attorney General’s report that found that Gov. Andrew Cuomo had sexually harassed multiple women.  Bill and Jimmy also discussed the new Fox Nation documentary hosted by Bill about the life and work of Clint Eastwood called “American Outlaw: Clint Eastwood’s Life in Film.”","https://radio.foxnews.com/wp-content/uploads/2021/08/Video-6.jpg","NA","https://radio.foxnews.com/2021/08/03/cuomo-clint-eastwood-bill-hemmer-talks-to-jimmy/","2021-08-03 00:00:00"
"foxnews","news","Emily Compagno: Gov. Cuomo Is “A Disgusting  Reprehensible  Appalling Figure”","['Jon Costantino']","On Fox Across America with Jimmy Failla  “Outnumbered” Co-Host Emily Compagno responded to Gov. Andrew Cuomo’s defiant response to the NY Attorney General’s report which found that he sexually harassed multiple women.  “I find him a disgusting  reprehensible  appalling figure who in his statement that he just released  his response to this investigation of the Attorney General simply underscored the findings of that report  which essentially made him out to be a hubris-infested  power wielding  victim shaming  intimidating  corrupt  fraudulent man that is unfortunately refusing to step down from the office of the Governorship. He made it quite clear he’s not anything close to resigning. He’s not admitting any of these allegations are true  despite the Attorney General saying what she found offensive was his continued maintenance that the investigation was tainted in some way  impartial or partial  and that it was not full and fair. I find him an absolute joke and an embarrassment to the state of New York.”","https://radio.foxnews.com/wp-content/uploads/2021/08/download-1.jpg","NA","https://radio.foxnews.com/2021/08/03/emily-compagno-gov-cuomo-is-a-disgusting-reprehensible-appalling-figure/","2021-08-03 00:00:00"
"foxnews","news","Kennedy Saves Your Face","['Tilly Pecker']","This week  Kennedy weighs in on the resurgence of COVID-19 and how officials and the public are addressing the new variant. Kennedy shares how the rise in coronavirus cases is affecting the economy and her take on the most efficient ways to return to normalcy.  Follow Kennedy on Twitter: @KennedyNation","https://radio.foxnews.com/wp-content/uploads/2020/10/FEATURED_IMAGE_Kennedy_Saves_The_World-1.png","NA","https://radio.foxnews.com/2021/08/04/kennedy-saves-your-face/","2021-08-04 00:00:00"
"foxnews","news","Andrew Cuomo Has Got To Go-Go","['Tilly Pecker']","As seen on Gutfeld! Fox Business News Anchor Dagen McDowell  Outkick.com Founder and Fox News Contributor Clay Travis  and co-Hosts of the “Tyrus and Timpf” podcast Tyrus and Kat Timpf discuss the Governor Cuomo sexual harassment scandal and how the public is addressing it.  Later  the panel talks about the decreasing American optimism of the COVID-19 pandemic.  Follow Greg on Twitter: @GregGutfeld","https://radio.foxnews.com/wp-content/uploads/2021/08/gutfeldguestpanel.jpg","NA","https://radio.foxnews.com/2021/08/04/andrew-cuomo-has-got-to-go-go/","2021-08-04 00:00:00"
"foxnews","news","Ari Fleischer: Make A Difference  Dive In","['Katherine Tague']","On this episode  Jason shares his concerns about a Senate vote to proceed with a proposed bipartisan Infrastructure framework  saying “there is absolutely no way I would have voted to proceed on a bill that wasn’t even written yet.” Then he brings on the stupid with the return of mask mandates.  Later  Jason is joined by former White House Press Secretary  Ari Fleischer. Ari discusses how he got involved in politics  what he learned from spending nearly two decades on Capitol Hill  and his experience serving as White House Press Secretary during the September 11th attacks.  Keep up with Jason on Twitter: @jasoninthehouse","https://radio.foxnews.com/wp-content/uploads/2021/02/FEATURED_IMAGE_JASON_IN_THE_HOUSE_JASON_CHAFFETZ.png","NA","https://radio.foxnews.com/2021/08/04/ari-fleischer-make-a-difference-dive-in/","2021-08-04 00:00:00"
"foxnews","news","IPOs & Meme Stock Mania With Charlie Gasparino","['Tilly Pecker']","This week  Liz is joined by FOX Business Network Senior Correspondent Charlie Gasparino to talk about the mysterious world of IPOs.  Charlie discusses the valuation of different companies  how institutional investors make decisions  and the herd mentality of markets.  Follow Liz on Twitter: @LizClaman","https://radio.foxnews.com/wp-content/uploads/2020/03/FEATURED_IMAGE_EVERYONE_TALKS_TO_LIZ-2.jpg","NA","https://radio.foxnews.com/2021/08/03/ipos-meme-stock-mania-with-charlie-gasparino/","2021-08-03 00:00:00"
"foxnews","news","Cuomo Sexually Harassed Women  Violated Laws  State AG Says","['John Toldi']","Howie Kurtz on President Biden taking a hit from fellow Democrats for failing to extend ‘Eviction Moratorium’  the Delta variant surge continuing but we have reached vaccination goal and the New York’s AG report saying Gov. Cuomo sexually harassed multiple women.  Follow Howie on Twitter: @HowardKurtz  For more #MediaBuzz click here","https://radio.foxnews.com/wp-content/uploads/2021/02/BUZZ-METER-FEATURED-IMAGE-WordPress.png","NA","https://radio.foxnews.com/2021/08/03/cuomo-sexually-harassed-women-violated-laws-state-ag-says/","2021-08-03 00:00:00"
"foxnews","news","Olympic Gymnast Dominque Dawes: The Many Blessings Of Life","['Katherine Tague']","This week  Trey Gowdy is joined by a three-time Olympic gymnast and 10-year member of the United States National Gymnastics Team  Dominque Dawes. Dominique discusses the important lessons gymnastics has taught her about life  her advice to young people  and what brings her the most joy.  Follow Trey on Twitter: @TGowdySC","https://radio.foxnews.com/wp-content/uploads/2020/04/FEATURED_IMAGE_The_Trey_Gowdy_Podcast.png","NA","https://radio.foxnews.com/2021/08/03/olympic-gymnast-dominque-dawes-the-many-blessings-of-life/","2021-08-03 00:00:00"
