"company","Catogery","TITLE","Authors","Text","Image","Videos","Link","Published_Date"
"washingtonpost","politics","How Cuomo’s office sought help from prominent liberal advocates as it pushed to discredit an accuser","NA","“This falls in the category of no good deed goes unpunished ” said Hilary Rosen  a Democratic strategist who serves on the board of Time’s Up and previously served on the board of the Human Rights Campaign. “These leaders simply did what they always do  give good advice to politicians to tell the truth and not attack their accusers. That clearly wasn’t good enough for the cesspool that Cuomo and his office was swimming in. But they stayed away and it isn’t fair to suggest otherwise now.”","https://www.washingtonpost.com/wp-apps/imrs.php?src=https://arc-anglerfish-washpost-prod-washpost.s3.amazonaws.com/public/3UJNEVHVNII6XJE33FXS3LAJII.jpg&w=1440","NA","https://www.washingtonpost.com/politics/cuomo-harassment-allegations--advocacy-groups/2021/08/04/57103eee-f51f-11eb-9738-8395ec2a44e7_story.html","2021-08-04 00:00:00"
"washingtonpost","politics","Cuomo remains defiant in the face of mounting criminal inquiries and deepening political fallout","NA","But current advisers said the turn against him in the Assembly was probably a fatal blow. While Cuomo wants to make his case to individual members and try to dissuade them from impeachment  it is unlikely to work  they said. And because the governor and his team have a history of tirades against lawmakers — even allies — they have been unable to secure any defenders  former advisers said.","https://www.washingtonpost.com/wp-apps/imrs.php?src=https://arc-anglerfish-washpost-prod-washpost.s3.amazonaws.com/public/TPEZU4HVHEI6XEDIX5DDZDDU3Y.jpg&w=1440","NA","https://www.washingtonpost.com/politics/cuomo-criminal-inquiries-sexual-harassment/2021/08/04/c0264fbc-f52f-11eb-9068-bf463c8c74de_story.html","2021-08-04 00:00:00"
"washingtonpost","world","Vaccine booster shots highlight pandemic inequality amid World Health Organization’s call for a moratorium","NA","The impact on health workers and other vulnerable people in the developing world could be severe. It is also preventable. In the United States alone  vast numbers of doses are simply wasted when they could have been used. Stat News recently estimated that some U.S. states already had millions of excess doses  many of which were likely to expire before they could be used. Robert Ator  the head of the vaccine distribution drive in Arkansas said the state had so many doses  things were “starting to get a bit silly.” Ator told the health-news-focused website that his state was “drowning in this stuff.”","https://www.washingtonpost.com/wp-apps/imrs.php?src=https://arc-anglerfish-washpost-prod-washpost.s3.amazonaws.com/public/37DVMYHVAUI6XJRWDDFMLGUY3Q.jpg&w=1440","NA","https://www.washingtonpost.com/world/2021/08/05/vaccine-boosters-who/","2021-08-05 00:00:00"
"washingtonpost","world","Buoyed by rising nationalism  China’s keyboard warriors take aim at Olympic athletes","NA","This is especially true in a country where 1 billion people have ready access to the Internet — albeit one that is tightly controlled  said Baogang He  a professor of international relations at Deakin University in Australia. Like Facebook and Twitter in the United States  China’s widely used social media platforms have evolved into environments where polarizing and extremist posts thrive. Government censorship has erased much of the nuance in online discourse  he added  leaving zealotry to take center stage.","https://www.washingtonpost.com/wp-apps/imrs.php?src=https://arc-anglerfish-washpost-prod-washpost.s3.amazonaws.com/public/USB754HVXEI6XJE33FXS3LAJII.jpg&w=1440","NA","https://www.washingtonpost.com/world/asia_pacific/olympics-china-internet-trolls-nationalism/2021/08/05/6cdcae32-f4d5-11eb-a636-18cac59a98dc_story.html","2021-08-05 00:00:00"
"washingtonpost","politics","‘The stuff of which violent insurrections are made:’ Federal judge punishes Colorado lawyers for 2020 election lawsuit","NA","The case was dismissed in April  but Neureiter ruled that the attorneys had violated their ethical obligations by lodging it in the first place and by peppering their motions with wild allegations that they had made little effort to substantiate. Legal rules prohibit attorneys from clogging the court systems with frivolous motions or from filing information that is not true.","https://www.washingtonpost.com/wp-apps/imrs.php?src=https://arc-anglerfish-washpost-prod-washpost.s3.amazonaws.com/public/35LJY6BKUII6XHBBHTCQDUEYD4.jpg&w=1440","NA","https://www.washingtonpost.com/politics/colorado-sanctions-trump-lawsuit/2021/08/04/704dec92-f53a-11eb-a49b-d96f2dac0942_story.html","2021-08-04 00:00:00"
"washingtonpost","politics","Rep. Mo Brooks seeks immunity from suit accusing him on inciting Jan. 6 insurrection","NA","Today’s Headlines  The most important news stories of the day  curated by Post editors and delivered every morning.  By signing up you agree to our Terms of Use and Privacy Policy","https://www.washingtonpost.com/wp-apps/imrs.php?src=https://arc-anglerfish-washpost-prod-washpost.s3.amazonaws.com/public/NYQMUXHVLAI6XEDIX5DDZDDU3Y.jpg&w=1440","NA","https://www.washingtonpost.com/politics/rep-mo-brooks-seeks-immunity-from-suit-accusing-him-on-inciting-jan-6-insurrection/2021/08/04/8b70a108-f554-11eb-9068-bf463c8c74de_story.html","2021-08-04 00:00:00"
"washingtonpost","politics","Liberals look to build off successful effort on eviction moratorium to shape Democrats’ agenda in coming months","NA","The sequence of events this week was strikingly similar to a lengthier standoff with the White House this spring over refugee policy. In that dispute  Biden backtracked from his pledge to lift the cap on the number of refugees who can enter the country each year  opting to leave the limit where the Trump administration had set it. This angered liberals and refugee advocates  who kept pressing him to live up to his initial promise. Eventually  Biden raised the cap  and the most vocal activists and lawmakers attributed the shift to their relentless pressure.","https://www.washingtonpost.com/wp-apps/imrs.php?src=https://arc-anglerfish-washpost-prod-washpost.s3.amazonaws.com/public/XX3VQBHUWEI6XJRWDDFMLGUY3Q.jpg&w=1440","NA","https://www.washingtonpost.com/politics/liberals-biden-evictions-agenda/2021/08/04/991d47bc-f535-11eb-9068-bf463c8c74de_story.html","2021-08-04 00:00:00"
"washingtonpost","world","Virtually all emperor penguin colonies doomed for extinction by 2100 as climate change looms  study finds","NA","An emperor penguin colony in the Antarctic’s Weddell Sea was effectively wiped out in 2016 because of record-low sea ice and early ice breakup  Jenouvrier said. More than 10 000 chicks are thought to have drowned when the sea ice broke up before they were ready to swim. A British Antarctic Survey base in the area has been mothballed in recent years  partly because of fears the nearby ice could soon calve one or more giant icebergs into the ocean  the BBC reported.","https://www.washingtonpost.com/wp-apps/imrs.php?src=https://arc-anglerfish-washpost-prod-washpost.s3.amazonaws.com/public/M2RJMIXUTUI6XJRWDDFMLGUY3Q.jpg&w=1440","NA","https://www.washingtonpost.com/world/2021/08/04/emperor-penguins-climate-antarctica/","2021-08-04 00:00:00"
"washingtonpost","politics","Scalise’s misleading clip job claiming ‘vaccine misinformation’ by Democrats","['The Fact Checker']","BIDEN: Tell the truth. Listen to the science. Lay out explicitly whatever vaccine comes first. Make it totally open for review by every medical facility in the country  making clear that in fact it is safe  instead of what Trump is talking about. He’s talking about all these different vaccines. They’re going to be ready to go  and so on and so forth . … The fact is that the way he talks about the vaccine is not particularly rational. He’s talking it being ready. He’s going to talk about moving it quicker than the scientists think it should be moved. It matters to let the people know that it is all transparent  exactly what the facts are. Let the medical community writ large speak to it so that there’s transparency. Look  I think people are going to  as the poll show and we talked about it today with the two docs and my staff  that in fact people don’t believe that he’s telling the truth. Therefore  they’re not at all certain they’re going to take the vaccine. One more thing  if and when the vaccine comes  and it’s not likely to go through all the tests that needs and the trials that are needed to be done  and the question is  is he going to seek an emergency move? Well  I think it’s really important right now. I proposed a $25 billion plan for the distribution to guarantee that every single American has access to the vaccine because what’s going to happen  you know as well as I do  if the vaccine came out tomorrow  how in the heck would we get it to people? There is no game plan they have. How would everybody in America have access to it? It is a gigantic  gigantic problem to distribute  even if we have it. That’s we should be planning for now. Now. Not when we get it.","https://www.washingtonpost.com/wp-apps/imrs.php?src=https://arc-anglerfish-washpost-prod-washpost.s3.amazonaws.com/public/7MTK3HXQSUI6XANSTNYGDJMC3A.jpg&w=1440","NA","https://www.washingtonpost.com/politics/2021/08/05/scalises-misleading-clip-job-claiming-vaccine-misinformation-by-democrats/","2021-08-05 00:00:00"
"washingtonpost","world","Australia to pay hundreds of millions in reparations to Indigenous ‘stolen generations’","NA","Between 1910 and 1970  government officials here rounded up children  especially those of mixed White and Aboriginal and Torres Strait Islander children ethnicity  and sent them to boarding schools and church-run missions. An official inquiry has estimated that as many as one in three Indigenous children were forcibly removed from their families nationwide.","https://www.washingtonpost.com/wp-apps/imrs.php?src=https://arc-anglerfish-washpost-prod-washpost.s3.amazonaws.com/public/EVVT6UHVRYI6XJRWDDFMLGUY3Q.jpg&w=1440","NA","https://www.washingtonpost.com/world/2021/08/05/australia-indigenous-school-reparation/","2021-08-05 00:00:00"
"washingtonpost","world","Taliban claims Kabul attack  warns of future assaults in response to ramped-up government airstrikes","NA","“It would be a grave mistake for the Taliban to expect even a de minimis level of international support if they were to seek to do just that ” he said. “Taliban leaders continue to say one thing  namely that they support a negotiated solution of conflict ” he told reporters. “Those words ring hollow when they continue these types of actions.”","https://www.washingtonpost.com/wp-apps/imrs.php?src=https://arc-anglerfish-washpost-prod-washpost.s3.amazonaws.com/public/3VM6KFXU54I6XJRWDDFMLGUY3Q.jpg&w=1440","NA","https://www.washingtonpost.com/world/2021/08/04/taliban-kabul-attack/","2021-08-04 00:00:00"
"washingtonpost","world","In test for Israel’s new government  rockets from Lebanon fired into northern Israel","NA","“Iran is responsible for dozens of terror attacks across the Middle East ” Gantz said in the meeting. He further charged that Iran “has violated all of the guidelines set in the [2015 Iran nuclear agreement] and is only around 10 weeks away from acquiring weapons-grade materials necessary for a nuclear weapon.” He added: “It is time for diplomatic  economic and even military deeds — otherwise the attacks will continue.”","https://www.washingtonpost.com/wp-apps/imrs.php?src=https://arc-anglerfish-washpost-prod-washpost.s3.amazonaws.com/public/CZC5Y5HVEUI6XJE33FXS3LAJII.jpg&w=1440","NA","https://www.washingtonpost.com/world/middle_east/iran-hezbollah-israel-tanker-drone/2021/08/04/3d6b8fa6-f51b-11eb-a636-18cac59a98dc_story.html","2021-08-04 00:00:00"
"washingtonpost","world","Huawei extradition fight enters crucial phase for CFO Meng Wanzhou — and for the Chinese tech giant","NA","Kovrig and Spavor  held in cramped cells in separate prisons  have been largely cut off from sunlight  their families and the outside world since their arrest on vague charges of spying on and stealing state secrets. In the more than 960 days since they’ve been detained  they’ve had a handful of calls with their families — combined — and 25 visits each from consular officials. Kovrig has passed the time by walking in circles  according to his family.","https://www.washingtonpost.com/wp-apps/imrs.php?src=https://arc-anglerfish-washpost-prod-washpost.s3.amazonaws.com/public/2DHPHNHVCYI6XJRWDDFMLGUY3Q.jpg&w=1440","NA","https://www.washingtonpost.com/world/asia_pacific/huawei-extradition-meng-wanzhou-court/2021/08/04/1b2bd3ae-f4c8-11eb-a636-18cac59a98dc_story.html","2021-08-04 00:00:00"
"washingtonpost","world","Mexico sues U.S.-based gunmakers over flow of arms across border","NA","Successive Mexican presidents have tried to stanch the violence by overhauling the justice system  arresting drug kingpins and providing job programs to lure young people away from crime. But they have achieved few results. Security analysts say the government has not had the political will to carry out a more profound transformation of the courts and police.","https://www.washingtonpost.com/wp-apps/imrs.php?src=https://arc-anglerfish-washpost-prod-washpost.s3.amazonaws.com/public/RXRIYCXVHEI6XFZYQOK6YKSE44.jpg&w=1440","NA","https://www.washingtonpost.com/world/the_americas/mexico-guns-us-lawsuit/2021/08/04/181fdbaa-f52d-11eb-a636-18cac59a98dc_story.html","2021-08-04 00:00:00"
"washingtonpost","politics","The pandemic is nearly as bad in Florida right now as it has ever been","['National Correspondent']","Florida Gov. Ron DeSantis (R) would like America to believe that the surge in coronavirus cases in his state is not that big a deal  that it’s just a function of seasonality and of people moving indoors because of the summer heat. He’s forced himself into this position by not only rejecting measures aimed at containing the virus  like mandated masks — he recently banned any mandates for schools — but by raising money off his objections to experts calling for better containment. He’s pushed Floridians to get vaccinated  but the state is still about in the middle of the pack nationally in terms of vaccinations administered  in no small part due to Republican hesitance.","https://www.washingtonpost.com/wp-apps/imrs.php?src=https://arc-anglerfish-washpost-prod-washpost.s3.amazonaws.com/public/IBKC2HXUUII6XJRWDDFMLGUY3Q.jpg&w=1440","NA","https://www.washingtonpost.com/politics/2021/08/04/pandemic-is-nearly-bad-florida-right-now-it-has-ever-been/","2021-08-04 00:00:00"
"washingtonpost","politics","Virginia Senate tinkers with pandemic relief  dashing hopes for fast-tracked bill","NA","Howell acknowledged that sheriff’s department pay was a problem  but said it would be better addressed along with State Police compensation in the regular session that begins in January  after a study on the subject is completed in October. She also said Northam has already promised to include money for law enforcement raises  not temporary bonuses  in the budget he’ll propose in December. The one-time federal funds cannot be used for raises because they are an ongoing expense.","https://www.washingtonpost.com/resizer/2CjPNwqvXHPS_2RpuRTKY-p3eVo=/1484x0/www.washingtonpost.com/pb/resources/img/twp-social-share.png","NA","https://www.washingtonpost.com/local/virginia-politics/virginia-senate-covid-bill/2021/08/04/d7a2cf9e-f4ad-11eb-9738-8395ec2a44e7_story.html","2021-08-04 00:00:00"
"washingtonpost","news","Foxes are stealing newspapers","NA","What’s going on? Experts I’ve spoken to over the years have told me that foxes are curious  as interested in playing with a toy as a dog or a cat. They may like the mouthfeel of a newspaper. They may want to adorn their den with something soft. One way a mother fox teaches its young to hunt is by bringing it bits of food  along with stuff that isn’t food. Dragging a newspaper around is a good way to learn how to drag a squirrel around.","https://www.washingtonpost.com/wp-apps/imrs.php?src=https://arc-anglerfish-washpost-prod-washpost.s3.amazonaws.com/public/5SDLAAHVH4I6XJRWDDFMLGUY3Q.jpg&w=1440","NA","https://www.washingtonpost.com/local/foxes-stealing-newspapers/2021/08/04/365eda44-f541-11eb-a49b-d96f2dac0942_story.html","2021-08-04 00:00:00"
"washingtonpost","business","Ensuring you get a fair price when selling your home to a business","NA","Get as much information as you can about property value. Check websites but also talk with a few local real estate agents (both residential and commercial agents) and see what comes up in terms of valuations. When you interview these agents  ask them to give you an idea of what property appreciate looks like in your neighborhood  at what price they think your home should be listed and how much they think you’d get offered. Calling these agents doesn’t obligate you to hire them. You’re simply talking to them  getting to know them to see if you can work together  and evaluating how much they understand about local market conditions.","https://www.washingtonpost.com/wp-apps/imrs.php?src=https://arc-anglerfish-washpost-prod-washpost.s3.amazonaws.com/public/5B5A24G2XMI6XDEHVVXSPEMMPA.jpg&w=1440","NA","https://www.washingtonpost.com/business/2021/08/04/ensuring-you-get-fair-price-when-selling-your-home-business/","2021-08-04 00:00:00"
"washingtonpost","business","Trump’s push for faster  but wasteful dishwashers appears headed for rinse cycle","NA","On Tuesday  President Biden’s Energy Department said it planned to reverse the Trump-era changes. The still-new rules for dishwashers  washing machines and clothes dryers would go back to what they were before Trump. It comes a couple weeks after the Energy Department said it was doing the same with shower heads.","https://www.washingtonpost.com/wp-apps/imrs.php?src=https://arc-anglerfish-washpost-prod-washpost.s3.amazonaws.com/public/ZBLNACXGPUI6XCGFJ7LDQLCHZM.jpg&w=1440","NA","https://www.washingtonpost.com/business/2021/08/04/faster-dishwashers-no-more/","2021-08-04 00:00:00"
